№ документа,"Дата
реєстрації",Адресати,Короткий зміст
2972/23/12,2025-12-01,Міністерство культури та стратегічних комунікацій,"На заміну свого листа від 13.11.2025 № 2878/23/12 Держкомтелерадіо надсилає доопрацьований проект постанови Кабінету Міністрів України «Про внесення змін до деяких постанов Кабінету Міністрів України та визнання такими, що втратили чинність, постанов Кабінету Міністрів України від 7 серпня 2013 р. № 524 та від 16 травня 2014 р. № 143»."
2973/34/11-2,2025-12-01,ТОВ «РОЗЕТКА. УА»,Пропонуємо видалити комерційні пропозиції з маркетплейсу та попередити продавця «RBP-Books» про неприпустимість провадження діяльності у видавничій справі з порушенням вимог українського законодавства
2974/24/06,2025-12-01,Державна служба України з питань праці,"Надання щотижневої інформації відповідно до постанови Кабінету Міністрів України від 16.09.2022 № 1037 «Деякі питання здійснення
спеціального моніторингу погашення підприємствами, установами і організаціями заборгованості із заробітної плати»"
2975/23/06,2025-12-01,Міністерство економічного розвитку і торгівлі України,"Надається щотижнева (станом на 01.12.2025) оперативна інформація про вжиті заходи щодо погашення заборгованості із заробітної плати по підприємствам, що входять до сфери управління Держкомтелерадіо,"
2976/24/06,2025-12-01,Державна служба України з питань праці,Щодо погашення заборгованості із заробітної плати.
2977/24/06,2025-12-02,Державна служба України з питань праці,"Інформація про роботу тимчасових комісій з питань погашення заборгованості із заробітної плати, утворених центральними та місцевими органами виконавчої влади/"
2978/24/06,2025-12-02,Державна служба України з питань праці,Щодо оперативного інформування про стан погашення заборгованості з виплати заробітної плати.
2979/23/06,2025-12-02,"Міністерство економіки, довкілля та сільського господарства України",Інформація щодо стану погашення заборгованості із виплати заробітної плати на підприємствах Держкомтелерадіо.
2980/23/06,2025-12-02,"Міністерство економіки, довкілля та сільського господарства України",Щодо повернення працівниками бюджетних установ неправомірно отриманої допомоги в рамках Програми «єПідтримка».
2981/23/06,2025-12-02,"Міністерство економіки, довкілля та сільського господарства України",Надається щомісячна інформація щодо стану погашення заборгованості із виплати заробітної плати на підприємствах сфери управління Держкомтелерадіо.
2982/27/11-2,2025-12-02,Кілійська міська рада Одеської обл.,Щодо надання оновленої інформації про адміністративні послуги Держкомтелерадіо.
2983/23/10,2025-12-02,"Міністерство економіки, довкілля та сільського господарства України","Про відсутність у сфері управління Держкомтелерадіо державного майна, яке може бути використане для проживання внутрішньо переміщених осіб та ветеранів війни."
2984/23/12,2025-12-02,Міністерство юстиції України,"Державний комітет телебачення і радіомовлення України подає для проведення перевірки додержання законодавства про державну реєстрацію нормативно-правових актів переліки актів, прийняті протягом листопада 2025 року."
2985/17/03-2,2025-12-02,"ТОВ ""Солар Медіа""; Міщенко О.Г.",Надсилається за належністю звернення гр.Міщенка О.Г.
2986/17/03-2,2025-12-02,"АТ ""Національна суспільна телерадіокомпанія України""; Цвігун О.П.",Надсилається за належністю звернення гр.Цвігуна О.П.
2987/23/05-2,2025-12-02,Міністерство закордонних справ,Щодо підтвердження кандидатури у складі Комітету з присудження Премії КМУ ім. М. Рильського
2988/23/05-2,2025-12-02,Міністерство культури та стратегічних комунікацій,Щодо кандидатури до складу Комітету з присудження Премії Кабінету Міністрів України імені Лесі Українки за літературно-мистецькі твори для дітей та юнацтва.
2989/23/05-2,2025-12-02,Міністерство освіти і науки України,Щодо підтвердження участі заступниці Міністра освіти і науки України у складі Комітету з присудження Премії Кабінету Міністрів України  імені Лесі Українки за літературно-мистецькі твори для дітей та юнацтва.
2990/23/05-2,2025-12-02,Міністерство культури та стратегічних комунікацій,Щодо оновлення персонального складу Комітету з присудження Премії КМУ ім. М. Рильського
2991/23/05-2,2025-12-02,"Громадська організація
«Академія наук вищої школи України»",Щодо підтвердження кандидатури у складі Комітету з присудження Премії КМУ ім. М. Рильського
2992/23/05-2,2025-12-02,Міністерство освіти і науки України,Щодо підтвердження кандидатури у складі Комітету з присудження Премії КМУ ім. М. Рильського
2993/23/12,2025-12-02,"Міністерство економіки, довкілля та сільського господарства України; Міністерство фінансів України; Міністерство юстиції України; Міністерство культури та стратегічних комунікацій; Міністерство цифрової трансформації України; Національне агентство з питань запобігання корупції; АТ ""Національна суспільна телерадіокомпанія України""",Запрошення на узгоджувальну нараду 04.12.2025 р. щодо проєкту постанови «Про внесення змін до постанови Кабінету Міністрів України від 28 грудня 2016 р. № 1039 та розпорядження Кабінету Міністрів України від 16 січня 2017 р. № 18»
2994/23/12,2025-12-02,"Міністерство економіки, довкілля та сільського господарства України; Міністерство культури України; Міністерство культури України","Надсилається на розгляд і погодження доопрацьований проект наказу Державного комітету телебачення і радіомовлення України «Про затвердження Правил видавничого оформлення, поліграфічного і технічного виконання неперіодичних видань (книжкові, електронні, нотні, аркушеві)»."
2995/29/03-1,2025-12-02,"АТ ""Національна суспільна телерадіокомпанія України""","З проханням надати до 10 січня 2026 року результати річного моніторингу проєкту, складені за формою згідно з додатком 3 зазначеного Порядку, завізовані відповідальною особою та підписані керівником, а також копії протоколів засідань наглядових рад та експертних груп, що утворюються для супроводження діяльності за проєктом, якщо це передбачено проєктам."
2996/23/13,2025-12-02,"Міністерство економіки, довкілля та сільського господарства України","Надається інформація про призначення на посади керівників підприємств, установ та організацій, що належать до сфери управління
Держкомтелерадіо"
2997/23/14,2025-12-02,Міністерство культури України,"Надається інформація за листопад 2025 року про видатки на оплату праці з нарахуваннями працівників державних органів, які не входять до сектору безпеки і оборони, за винятком осіб, які призвані на військову службу (мобілізовані) або проходять службу у складі Сил територіальної оборони Збройних Сил України."
2998/23/05-2,2025-12-02,Міністерство культури України,Про визначення відповідальних осіб  щодо роботи з «Реєстром заявок та отримувачів державної підтримки у сфері культури».
2999/29/03-1,2025-12-02,"АТ ""Національна суспільна телерадіокомпанія України""",Погоджується ТЕХНІЧНЕ ЗАВДАННЯ на відрядження працівниці АТ «НСТУ» до м. Брюсселя (Бельгія) та м. Парижа (Франція) у період з 12 по 24 грудня 2025 року з метою висвітлення діяльності європейських інституцій в умовах євроінтеграційного курсу України та перебігу засідання «коаліції охочих».
3000/23/13,2025-12-02,Міністерство оборони України,"Відомість контролю щодо звіряння облікових даних військовозобов’язаних, оповіщення і прибуття військовозобов’язаних до відповідних територіальних центрів комплектування та соціальної підтримки апарату Держкомтелерадіо, підприємств, установ та товариств сфери управління."
3001/24/14,2025-12-03,Головне управління Державної казначейської служби України у м. Києві,"Звіт про заборгованість за бюджетними коштами (форма №7д, №7м) станом на 01 грудня 2025 року."
3002/23/03-2,2025-12-03,Міністерство у справах ветеранів України,Щодо виконання пункту 2 розпорядження Кабінету Міністрів України від 20 січня 2021 року № 37-р “Про заходи з увічнення пам’яті захисників України на період до 2025 року”.
3003/22/10,2025-12-03,Кабінет Міністрів України,Про надання інформації стосовно питання комплексного аналізу діяльності деяких акціонерних товариств.
3004/24/03-1,2025-12-03,Національна соціальна сервісна служба України,"Щодо погодження проєкту інформаційної пам’ятки з метою підвищення рівня розуміння суспільством гендерної рівності, розвінчування усталених стереотипних уявлень про соціальні ролі жінок та чоловіків, розширення економічних прав та можливостей жінок."
3005/25/10,2025-12-03,Офіс Генерального прокурора,Щодо надання відомостей про спричинену шкоду внаслідок збройної агресії російської федерації.
3006/18/03-1,2025-12-03,International Media Support (IMS),"Лист до IMS щодо надання результатів річного моніторингу за 2025 рік проєкту МТД ""REACH-партнерство медіа для відповідальності та довіри""."
3007/32/05-1,2025-12-03,Членам Науково-технічної ради Державного комітету телебачення і радіомовлення України,Лист-запрошення на засідання науково-технічної ради 10.12.2025.
3008/23/13,2025-12-03,Міністерство культури України,Щодо погодження надбавки за інтенсивність праці Наливайку О.І.
3009/31/06,2025-12-03,"Державна наукова установа ""Енциклопедичне видавництво""",Щодо ФЕР до проекту Указу Президента України «Про внесення змін до Указу Президента України від 2 січня 2013 року № 1/2013 «Про Велику українську енциклопедію».
3010/29/05-1,2025-12-03,"АТ ""Національна суспільна телерадіокомпанія України""","Прохання надати інформацію разом з пропозиціями  щодо удосконалення роботи, пов'язаної з формуванням та реалізацією державної мовної політики, зокрема в частині діяльності АТ ""НСТУ""."
3011/31/05-1,2025-12-03,"ДНУ ""Книжкова палата України імені Івана Федорова""","Прохання надати необхідні матеріали для вивчення питання реорганізації ДНУ ""Книжкова палата України імені Івана Федорова"" шляхом перетворення у державну установу."
3012/29/10,2025-12-03,"АТ ""Національна суспільна телерадіокомпанія України""",Направляється наказ Держкомтелерадіо від 03.12.2025 № 120 «Про внесення змін у додаток до наказу Держкомтелерадіо від 09.12.2024 № 333» 
3013/23/10,2025-12-03,Міністерство культури України,Щодо подання інформації про кандидатуру представника від Міністерства культури України для включення до складу комісії з питань передачі підприємств.
3014/32/10,2025-12-03,"УНІА ""Укрінформ""; ДП ""Мультимедійна платформа іномовлення""; ДУ «Центр стратегічних комунікацій та інформаційної безпеки»; Міністерство культури України","Щодо виконання розпорядження Кабінету Міністрів України від 19.11.2025 № 1509 «Деякі питання діяльності центральних органів виконавчої влади» в частині оформлення передачі із сфери управління Міністерства культури до сфери управління Державного комітету телебачення і радіомовлення цілісних майнових комплексів державного підприємства та установ, включених до цього розпорядження, інформацію надати у п""ятиденний строк."
3015/17/03-2,2025-12-04,Мшанецький А.Б.; Концерн РРТ,Надсилається за належністю звернення гр.Мшанецького А.Б.
3016/23/03,2025-12-04,Міністерство культури України,"З пропозицією розглянути можливість зняття з контролю виконання завдань, визначених пунктом 26 резолюції Прем’єр-міністра України від 23 вересня 2025 р. № 31063/0/1-25 За результатами робочої поїздки Прем’єр-міністра України до Сумської області 17
вересня 2025 року."
3017/35/05-2,2025-12-04,Члени Комітету з присудження Преміїї КМУ ім. Максима Рильського,"Про ознайомлення з роботами, поданими на здобуття Премії КМУ ім. М. Рильського."
3018/35/05-2,2025-12-04,Члени Комітету з присудження Премії КМУ ім. Лесі Українки за літературно-мистецькі твори для дітей та юнацтва,"Щодо ознайомлення з творчими роботами, номінованими на здобуття Премії КМУ імені Л. Українки за літературно-мистецькі твори для дітей та юнацтва."
3019/23/06-1,2025-12-04,Міністерство культури України,Щодо погодження преміювання Голови Держкомтелерадіо за листопад 2025 року.
3020/31/06,2025-12-04,"Національне видавництво дитячої літератури ""Веселка""","Прохання терміново подати Держкомтелерадіо звіти про виконання фінансових планів за ІІ та ІІІ квартали 2025 року зі всіма додатками в пакеті звітності державних підприємств, а також проєкти Листа очікувань власника на 2026 рік та фінансового плану підприємства на 2026 рік."
3021/23/12,2025-12-04,"Міністерство цифрової трансформації України; Міністерство фінансів України; Міністерство економіки, довкілля та сільського господарства України","Проект розпорядження Кабінету Міністрів України «Про перерозподіл деяких видатків державного бюджету, передбачених Міністерству культури та стратегічних комунікацій на 2025 рік»."
3022/24/06-2,2025-12-04,Управління Державної  казначейської служби України у Немишлянському районі м. Харкова,Звіт про заборгованість за бюджетними коштами (форма №7д) станом на 01 грудня 2025 року.
3023/24/06-2,2025-12-04,Управління Державної казначейської служби України у м. Херсон,Звіт про заборгованість за бюджетними коштами (форма №7д) станом на 01 грудня 2025 року
3024/24/06-2,2025-12-04,Управління державної  казначейської служби України у м. Луганську Луганської області,Звіт про заборгованість за бюджетними коштами (форма №7д) станом на 01 грудня 2025 року.
3025/17/03-2,2025-12-04,Чемерис С.Г.; Національна рада України з питань телебачення і радіомовлення,"Надсилається за належністю звернення гр. Чемериса С.Г.  з проханням заборони по телебаченню та в інших соціальних мережах обговорювати питання щодо відновлення енергетики в Україні, оскільки дану інформацію також бачать на території РФ."
3026/17/03-2,2025-12-04,"Штиб О.В.; АТ ""Національна суспільна телерадіокомпанія України""","Надсилається за належністю звернення гр. Штиба О.В. з проханням відновити сигнал ""Українське радіо"" на частоті 97,5 FM"
3027/17/03-2,2025-12-04,"Копиленко О.Б.; АТ ""Національна суспільна телерадіокомпанія України""","Надсилається за належністю звернення гр. Копиленка О.Б. з питання надання недостовірної інформації ведучею ""Новини""суспільного радіо Зеленецькою."
3028/29/06,2025-12-04,"АТ ""Національна суспільна телерадіокомпанія України""",Щодо подання деталізованої інформації до листа очікувань власника на 2026 рік.
3029/24/14,2025-12-04,Головне управління Державної казначейської служби України у м. Києві,"Надсилається акт приймання-передачі наданих послуг АТ ""Укрпошта"" за 11.2025 р."
3030/23/06-1,2025-12-04,Міністерство культури України,Прохання відкрити фінансування Держкомтелерадіо на грудень за загальним фондом.
3031/31/06,2025-12-04,"ДНУ ""Книжкова палата України імені Івана Федорова""; Український інститут підвищення кваліфікації працівників телебачення, радіомовлення і преси",Про завершення бюджетного року  в частині внесення змін до спеціального фонду кошторису.
3032/17/03-2,2025-12-04,Дурач Г.Б.; Національна рада України з питань телебачення і радіомовлення,"Надсилається за належністю звернення гр. Дурач Г.Б. з проханням відкрити канал ""TV RUS""."
3033/32/13,2025-12-05,Державне управління справами,"Щодо  надання списків співробітників, які мають право на медичне обслуговування в закладах охорони здоров’я Державного управління справами"
3034/24/12,2025-12-05,Державна служба України з етнополітики та свободи совісті	,"На додаток до листа від 03.11.2025 № 2763/24/12 надсилається позицію Мінкульту щодо проєкту розпорядження Кабінету Міністрів України «Про затвердження плану заходів на 2026 – 2028 роки з реалізації Стратегії сприяння реалізації прав і можливостей осіб, які належать до ромської національної меншини, в українському суспільстві на період до 2030 року та внесення зміни до розпорядження Кабінету Міністрів України від 28 липня 2021 р. № 866-р»."
3035/23/06,2025-12-05,Міністерство культури України,Пропозиції до помісячного розподілу видатків державного бюджету на 2026 рік за бюджетними програмами Держкомтелерадіо.
3036/23/05-1,2025-12-05,Міністерство культури та стратегічних комунікацій,Щодо створення репозитарію цифрової бібліотеки на базі електронних аналогів (версток) друкованих та мережевих періодичних видань (газет).
3037/17/03-2,2025-12-05,"Красюк Є.М.; ТОВ ""Воля-Кабель""","Надсилається за належністю звернення гр. Красюк Є.М., у якому заявниця скаржиться на відсутність кабельного телебачення від ""Волі"" з листопада 2025 р."
3038/22/01,2025-12-05,"Кабінет Міністрів України; Державна служба спеціального зв""язку та захисту інформації України","Щодо плану організації виконання рішення Ради національної безпеки і оброни України від 17 жовтня 2023 р. “Про організацію захисту та забезпечення безпеки функціонуванням об’єктів критичної інфраструктури та енергетики України в умовах ведення воєнних дій”, введеного в дію Указом Президента України від 17 жовтня 2023 р. № 695."
3039/32/04,2025-12-05,Технічний комітет стандартизації,"Повідомляється, що представник Держкомтелерадіо не братиме участь у голосуванні стосовно висновків перевірки національних нормативних документів, розроблених ТК 144 «Інформація і документація»."
3040/23/12,2025-12-08,Міністерство культури України,"Підтримується і пропонується подати на підпис Президентові України Закон України ""Про внесення змін до деяких законів України з оновленням офіційного перекладу Європейської хартії регіональних або монітарних мов"""
3041/29/10,2025-12-08,"АТ ""Національна суспільна телерадіокомпанія України""","Щодо надання інформації для встановлення права узуфрукта за АТ ""НСТУ""."
3042/24/06,2025-12-08,Державна служба України з питань праці,"Щотижнева (станом на 08.12.2025) оперативна інформація стосовно погашення заборгованості із заробітної плати підприємств, підпорядкованих Держкомтелерадіо."
3043/23/06,2025-12-08,Міністерство економічного розвитку і торгівлі України,"Щотижнева (станом на 08.12.2025) оперативна інформація стосовно погашення заборгованості із заробітної плати підприємств, підпорядкованих Держкомтелерадіо."
3044/23/06-1,2025-12-08,Міністерство культури України,Про виконання зведеного плану використання бюджетних коштів з урахуванням внесених змін за КПКВ 3802020.
3045/32/04,2025-12-08,Департамент (Центр) надання адміністративних послуг виконавчого органу Київської міської ради (Київської міської державної адміністрації),Про порушення строків надання адміністративних послуг.
3046/23/06-1,2025-12-09,Міністерство культури України,Прохання відкрити фінансування на грудень за загальним фондом бюджетної програми КПКВ 3802080 «Фінансова підтримка Національної суспільної телерадіокомпанії України».
3047/09/10,2025-12-09,"АТ ""Національна суспільна телерадіокомпанія України""",Направляється наказ Держкомтелерадіо від 05.12.2025 № 123 «Про передачу в оренду (найм) нерухомого майна АТ «НСТУ».
3048/17/03-2,2025-12-09,"Земляний М.І.; АТ ""Національна суспільна телерадіокомпанія України""","Надсилається за належністю звернення гр. Земляного М.І.  зі скаргою на те, що по радіо ""Перший Національний"" припинили трансляцію про схід та захід сонця."
3049/23/13,2025-12-09,Міністерство закордонних справ України,Щодо професійного навчання у сфері зовнішніх зносин у 2026 році.
3050/31/05-1,2025-12-09,"ДНУ ""Книжкова палата України імені Івана Федорова""; Державна наукова установа ""Енциклопедичне видавництво""","Надсилаємо для ознайомлення та врахування в роботі лист Міністерства освіти і науки України, що надійшов до Держкомтелерадіо листом Міністерства культури України від 05.12.2025 № 3496/23."
3051/31/04,2025-12-09,ТОВ «ВІХОЛА»,Лист попередження щодо доставляння звітів 1в-книги та обов'язковий примірник видань.
3052/17/03-2,2025-12-09,"ТОВ ""ЗЕОНБУД""; Калениченко А.С.","Надсилається за належністю звернення гр. Калениченка А.С. про неякісну трансляцію каналів українського телебачення, зазначає що канали зависають"
3053/23/06,2025-12-09,Міністерство економічного розвитку і торгівлі України,"Інформація станом на 01.09.2025 щодо затвердження фінансових планів, стратегій розвитку, інвестиційних планів підприємств на середньострокову перспективу (3-5 років) та листів очікувань власника."
3054/23/07,2025-12-09,Міністерство культури України,Інформація щодо уповноважених осіб для заповнення гугл-таблиці щодо інформування  громадськості про заходи із  впровадження безбар'єрності.
3055/23/13,2025-12-09,Міністерство оборони України,"Відомість контролю щодо звіряння облікових даних військовозобов’язаних, оповіщення і прибуття військовозобов’язаних до відповідних територіальних центрів комплектування та соціальної підтримки апарату Держкомтелерадіо, підприємств, установ та товариств сфери управління Держкомтелерадіо."
3056/23/05-1,2025-12-09,Міністерство культури України,Про подання остаточних та  проміжних звітів за результатами виконання наукових робіт у 2025 році.
3057/23/04,2025-12-09,Міністерство культури та стратегічних комунікацій,"Надається Протокол засідання тимчасової робочої групи з додаткового опрацювання питань, порушених в електронній петиції гр. І. Снятинчука."
3058/22/03-1,2025-12-09,Офіс ради Європи в Україні; Кабінет Міністрів України,Щодо підтримки проекту міжнародної технічної допомоги Ради Європи «Захист свободи слова та свободи медіа в Україні – Фаза ІІ».
3059/29/16,2025-12-09,"АТ ""Національна суспільна телерадіокомпанія України""",Про проведення у грудні поточного року перевірки Сховища Держкомтелерадіо.
3060/31/06-2,2025-12-10,"ДНУ ""Книжкова палата України імені Івана Федорова""",Держкомтелерадіо не заперечує щодо попередньої оплати поштових марок  за рахунок коштів спеціального фонду.
3061/23/06-2,2025-12-10,Міністерство культури України,Прохання дозволити передбачити ДНУ «Книжкова палата України ім. Івана Федорова» в проєкті договору з АТ «УКРПОШТА»  попередню оплату на придбання поштових марок.
3062/23/10,2025-12-10,"Міністерство економіки, довкілля та сільського господарства України","Щодо надання переліку суб’єктів господарювання державного сектору економіки, у яких передбачено утворення наглядової ради, із зазначенням кількісного складу наглядової ради відповідно до статуту (із зазначенням кількості незалежних членів) та кількістю фактично призначених членів наглядової ради, повноваження яких дійсні."
3063/23/01,2025-12-10,Міністерство цифрової трансформації України,"Щодо забезпечення безпеки мобільних пристроїв, забезпечення фінансування заходів з кіберзахисту та визначення потреби в підвищенні кваліфікації фахівців у сфері кібербезпеки."
3064/32/01,2025-12-10,ЦДАВО України,Про надання паспорта архіву
3065/31/04,2025-12-10,ТОВ «ВД «Дакор»,Лист попередження щодо доставляння обов'язкових примірників видань
3066/31/04,2025-12-10,ТОВ «Агенція «ІРІО»,Лист попередження щодо доставляння обов'язкових примірників видань
3067/31/04,2025-12-10,ТОВ «7БЦ»,Лист попередження про доставляння обов'язкових примірників видань
3068/31/04,2025-12-10,"ТОВ «Видавництво «Колесо
Життя»",Лист попередження про доставляння обов'язкових примірників видань
3069/31/04,2025-12-10,ТОВ «Книгоноша»,Лист попередження щодо доставляння обов'язкових примірників видань
3070/31/04,2025-12-10,ТОВ «НВП «Інтерсервіс»,Лист попередження про доставляння обов'язкових примірників видань
3071/17/03-2,2025-12-10,Куницька І.М.,"Повідомляється про те, що згідно з вимогами Закону України «Про медіа» засоби масової інформації є незалежними у визначенні змісту програм."
3072/29/03-2,2025-12-10,"АТ ""Національна суспільна телерадіокомпанія України""","Для розгляду та врахування в роботі постанову Верховної Ради України від 4 грудня 2025 р. № 4716-ІХ «Про вшанування учасників
ліквідації наслідків аварії на Чорнобильській АЕС та про заходи, пов’язані з 40- ми роковинами Чорнобильської катастрофи»."
3073/17/03-2,2025-12-10,Коваль Ю.А.; Національна рада України з питань телебачення і радіомовлення,Надсилається за належністю звернення гр. Коваля Ю.А.
3074/23/04,2025-12-10,Міністерство культури України,"Надсилається до відома та виконання наказ МКСК від 18.04.2025 № 346 «Про введення в дослідну експлуатацію інформаційно-комунікаційної системи «Державний реєстр видавців, виготовлювачів і розповсюджувачів видавничої продукції»"
3075/23/09,2025-12-10,Міністерство фінансів України,Про надання інформації щодо складу підрозділу внутрішнього аудиту
3076/24/01,2025-12-11,"Державна служба спеціального зв""язку та захисту інформації України","Повідомляється, що листом від 26.06.2025 № 1611/22/12 поінформовано Кабінет Міністрів України про результати приведення нормативно-правових актів у відповідність до Закону.Закону України ""Про внесення змін до деяких законів України щодо захисту інформації та кіберзахисту державних інформаційних ресурсів, об''єктів критичної інформаційної інфраструктури""."
3077/23/04,2025-12-11,"Міністерство економіки, довкілля та сільського господарства України","Повідомляється, що проблемні питання та пропозиції стосовно дерегуляції господарської діяльності питань, які належать до сфери управління Держкомтелерадіо, наразі відсутні."
3078/23/06-1,2025-12-11,"Міністерство економіки, довкілля та сільського господарства України",Повідомляється про відсутність пропозицій щодо детінізації ринку праці
3079/34/11,2025-12-11,"ТОВ ""УАПРОМ""",Щодо фактів розміщення продавцем «LiderBooks» на маркетплейсі Prom.ua та на створеному на платформі Prom.ua вебсайті комерційних пропозицій щодо продажу видавничої продукції походженням з держави-агресора та Республіки Білорусь.
3080/34/11,2025-12-11,Адміністрації інтернет-магазину KnigoShop,"Стосовно порушення законодавства про державну мову фізичною особою-підприємцем Сікорою І.І., який здійснює господарську діяльність за допомогою інтернет-книгарень «Storinkabook» (вебсайт https://storinkabook.com.ua), «IQBook» (вебсайт https://iqbook.com.ua/) та «KnigaShop» (вебсайт https://knigoshop.com.ua/)."
3081//11,2025-12-11,Адміністрації інтернет-магазину STORINKA.BOOK,"Стосовно порушення законодавства про державну мову фізичною особою-підприємцем Сікорою І.І., який здійснює господарську діяльність за допомогою інтернет-книгарень «Storinkabook» (вебсайт https://storinkabook.com.ua), «IQBook» (вебсайт https://iqbook.com.ua/) та «KnigaShop» (вебсайт https://knigoshop.com.ua/)."
3082/34/11,2025-12-11,Адміністраціїінтернет-магазинуIQBook,"Стосовно порушення законодавства про державну мову фізичною особою-підприємцем Сікорою І.І., який здійснює господарську діяльність за допомогою інтернет-книгарень «Storinkabook» (вебсайт https://storinkabook.com.ua), «IQBook» (вебсайт https://iqbook.com.ua/) та «KnigaShop» (вебсайт https://knigoshop.com.ua/)."
3083/23/03-1,2025-12-12,Міністерство закордонних справ України,Інформується про відсутність пропозицій щодо проєкту Національної програми адаптації законодавства України до права Європейського Союзу за переговорним розділом 31 «Зовнішня політики та політика безпеки і оборони»
3084/23/11,2025-12-12,Секретаріат уповноваженого із захисту державної мови,"Стосовно порушення законодавства про державну мову фізичною особою-підприємцем Сікорою І.І., який здійснює господарську діяльність за допомогою інтернет-книгарень «Storinkabook» (вебсайт https://storinkabook.com.ua), «IQBook» (вебсайт https://iqbook.com.ua/) та «KnigaShop» (вебсайт https://knigoshop.com.ua/)."
3085/23/12,2025-12-12,Міністерство цифрової трансформації України,"Повідомляється, що листом від 20.06.2024 № 1749/23/12 поінформовано Мінцифри про стан виконання прикінцевих та перехідних положень Закону України «Про публічні електронні реєстри» від 18.11.2021 № 1907-ІХ."
3086/23/12,2025-12-12,Міністерство культури України,"Щодо погодження проєкту розпорядження Кабінету  Міністрів України ""Про затвердження операційного плану реалізації у 2026-2028 роках Стратегії розвитку читання на період до 2032 року “Читання як життєва стратегія”"""
3087/24/13,2025-12-12,Національна комісія з цінних паперів та фондового ринку,Щодо спецперевірки Васьківської в НКЦПФР
3088/24/13,2025-12-12,Національне агентство з питань запобігання корупції,Щодо проведення спецперевірки Васьківської О.Л.
3089/23/13,2025-12-12,Міністерство освіти і науки України,Щодо проведення спецперевірки Васьківської О.Л.
3090/23/13,2025-12-12,"Міністерство охорони здоров""я України",Щодо проведення спецперевірки Васьківської О.Л.
3091/23/13,2025-12-12,Міністерство юстиції України,Щодо проведення спецперевірки Васьківської О.Л.
3092/24/13,2025-12-12,"Департамент кримінального
аналізу Національної поліції
України",Щодо проведення спецперевірки Васьківської О.Л.
3093/32/13,2025-12-12,"Київський міський територіальний
центр комплектування та соціальної
підтримки",Щодо проведення спецперевірки Васьківської О.Л.
3094/23/13,2025-12-12,Київське міжрегіональне управління Міністерства юстиції України,Щодо проведення спецперевірки Васьківської О.Л.
3095/24/13,2025-12-12,Державна судова адміністрація України,Щодо проведення спецперевірки Васьківської О.Л.
3096/22/12,2025-12-12,Кабінет Міністрів України,Щодо погодження проекту розпорядження Кабінету Міністрів України “Про затвердження плану заходів на 2026 рік щодо забезпечення національної стійкості”.
3097/23/12,2025-12-12,Міністерство культури України,Щодо погодження без зауважень проекту розпорядження Кабінету Міністрів України “Про затвердження плану заходів на 2026 рік щодо забезпечення національної стійкості”.
3098/23/12,2025-12-15,Міністерство культури України; Міністерство культури України,"Державний комітет телебачення і радіомовлення України надсилає на розгляд та погодження проект розпорядження Кабінету Міністрів України «Про перерозподіл деяких видатків державного бюджету, передбачених Міністерству культури та стратегічних комунікацій на 2025 рік»"
3099/23/04,2025-12-15,Міністерство культури України, Щодо рішення Комітету за результатами виїзного засідання Комітету Верховної Ради України з питань гуманітарної та інформаційної політики 30-31 жовтня 2025 року у м. Львів
3100/29/10,2025-12-15,"АТ ""Національна суспільна телерадіокомпанія України""",Направляється наказ Держкомтелерадіо від 12.12.2025 № 128 «Про погодження передачі в оренду (найм) нерухомого майна АТ «НСТУ»           
3101/23/10,2025-12-15,"Міністерство економіки, довкілля та сільського господарства України","Повідомляється, що  питання передачі єдиного майнового комплексу державного підприємства «Національне видавництво дитячої літератури «Веселка» із сфери управління Держкомтелерадіо до сфери управління МОН опрацьовується з урахуванням пункту 5 витягу з протоколу № 59 засідання Кабінету Міністрів України від 05.12.2025"
3102/24/01,2025-12-15,"Державна служба спеціального зв""язку та захисту інформації України",Щодо кіберзагроз у сфері державної безпеки України
3103/24/12,2025-12-15,Державна регуляторна служба України,Щодо здійснення регуляторними органами планування діяльності з підготовки проектів регуляторних актів на 2026 рік
3104/24/06,2025-12-15,Державна служба України з питань праці,"Надається щотижнева (станом на 15.12.2025) оперативна інформація стосовно погашення заборгованості із заробітної плати
підприємств, підпорядкованих Держкомтелерадіо."
3105/23/06,2025-12-15,Міністерство економічного розвитку і торгівлі України,"Надається щотижнева (станом на 15.12.2025) оперативна інформація про вжиті заходи щодо погашення заборгованості із заробітної плати по підприємствам, що входять до сфери управління Держкомтелерадіо"
3106/31/04,2025-12-16,"Національне видавництво дитячої літератури ""Веселка""","Щодо приймання-передачі справ, у зв""язку із зміною в.о.директора НВДЛ ""Веселка"""
3107/17/03-2,2025-12-16,"Дідович Л.Г.; ТОВ ""Контент Тейдінг""",Надсилається за належністю звернення гр. Дідович Л.Г.
3108/23/06,2025-12-16,Міністерство фінансів України,"Щодо виконання завдань, визначених пунктом 1 статті 2 Указу Президента України від 12.01.2015 № 7 «Питання підготовки та видання Великої української енциклопедії»."
3109/34/10,2025-12-16,"СП ""Енернозбут"" КП ""Київтеплоенерго""","Щодо надання акту розрахунку за грудень 2025 року на 43,56482 Гкал на суму 174 453,39 грн."
3110/23/12,2025-12-16,Міністерство культури України,Погоджується без зауважень проект постанови Кабінету Міністрів України «Про внесення змін щодо діяльності Міністерства культури до деяких постанов Кабінету Міністрів України».
3111/21/06,2025-12-16,Офіс Президента України; Кабінет Міністрів України,"Щорічне інформування у грудні про стан виконання завдання, визначеного абзацом четвертим пункту 2 статті 1 Указу Президента України від 19 червня 2013 р. № 336 «Про деякі заходи щодо державної підтримки книговидавничої справи і популяризації читання в України»."
3112/32/12,2025-12-16,Дарницький суд м.Києва,"Пояснення по справі № 753/22568/25 за позовною заявою Акціонерного товариства «Національна суспільна телерадіокомпанія України»  до Дарницької районної в місті Києві державної адміністрації, третя особа Державний комітет телебачення і радіомовлення України про визнання дій протиправними та зобов’язання вчинити дії."
3113/32/08,2025-12-16,"Головне управління урядового фельд""єгерського зв""язку",Прохання надіслати Держкомтелерадіо копію додаткової угоди № 2 від26.01.2024 щодо доставки відправлень.
3114/31/05-1,2025-12-16,"Державна наукова установа ""Енциклопедичне видавництво""; ДНУ ""Книжкова палата України імені Івана Федорова""",Про надання пропозицій щодо пріоритетів роботи Держкомтелерадіо на 2026 рік та до проекту Плану роботи Держкомтелерадіо на 2026 рік
3115/29/01,2025-12-16,"АТ ""ДАК ""Укрвидавполіграфія""; АТ ""Національна суспільна телерадіокомпанія України""","Щодо аналізу рівня цифрової зрілості та готовності органів влади до впровадження хмарних технологій, планування заходів з модернізації державної ІТ-інфраструктури, удосконалення нормативно-правового регулювання у сфері хмарних послуг, а також підготовки пропозицій щодо забезпечення потреби у хмарних ресурсах та послугах центрів обробки даних"
3116/32/01,2025-12-16,"Національне видавництво дитячої літератури ""Веселка""; ДП ""УСТФ ""Укртелефільм""; ДНУ ""Книжкова палата України імені Івана Федорова""; Державна наукова установа ""Енциклопедичне видавництво""; Український інститут підвищення кваліфікації працівників телебачення, радіомовлення і преси","Щодо аналізу рівня цифрової зрілості та готовності органів влади до впровадження хмарних технологій, планування заходів з модернізації державної ІТ-інфраструктури, удосконалення нормативно-правового регулювання у сфері хмарних послуг, а також підготовки пропозицій щодо забезпечення потреби у хмарних ресурсах та послугах центрів обробки даних"
3117/23/03-1,2025-12-16,Міністерство закордонних справ,"Щодо аналізу договірно- правової бази відносин з Російською Федерацією, Республікою Білорусь та в рамках Співдружності Незалежних Держав,"
3118/23/03-1,2025-12-16,Міністерство культури України,Надається інформація про стан виконання плану заходів щодо реалізації Стратегії комунікації з питань євроатлантичної інтеграції України на період до 2025 року за IV квартал 2025 року.
3119/23/13,2025-12-16,Міністерство оборони України,"Надається Відомість контролю щодо звіряння облікових даних військовозобов’язаних, оповіщення і прибуття військовозобов’язаних до
відповідних територіальних центрів комплектування та соціальної підтримки апарату Держкомтелерадіо, підприємств, установ та товариств сфери управління Держкомтелерадіо."
3120/17/12,2025-12-16,ТОВ «Sport Media Group»,Щодо  продовження терміну дії посвідки на тимчасове проживання в Україні працівникові іноземного засобу масової інформації (Унгуре Інесе)
3121/24/01,2025-12-16,Адміністрація Держспецзв’язку,Щодо виконання Плану реалізації Стратегії кібербезпеки України
3122/17/03-2,2025-12-16,Шмакова А.О.,"Повідомляється про неможливість розгляду звернення по суті, оскільки заявницею не вказано провайдера або оператора, послугами якого Вона користуєтеся."
3123/17/03-2,2025-12-16,Таран К.І.; Національна рада України з питань телебачення і радіомовлення,Надсилається за належністю звернення гр.Таран К.І.
3124/17/03-2,2025-12-16,"Штиб О.В.; АТ ""Національна суспільна телерадіокомпанія України""",Надсилається за належністю звернення гр.Штиба О.Я.
3125/17/03-2,2025-12-16,"Рибій П.В.; ДП ""УСТФ ""Укртелефільм""",Надсилається за належністю звернення гр.Рибія П.В.
3126/06/06,2025-12-16,Народному депутату України Юрчишину Я.Р.,"Щодо надання інформації щодо заходів, які Держкомтелерадіо вживає для забезпечення передбачення необхідних коштів у державному бюджеті та реального виконання рішення Міжвідомчої комісії про надання Рощину В.М одноразової грошової допомоги."
3127/27/11-2,2025-12-17,Рівненська міська рада,Щодо можливості надання адміністративних послуг 01461 та 01464 через ЦНАП м. Рівне.
3128/34/11-2,2025-12-17,ТОВ «РОЗЕТКА. УА»,Пропонуємо видалити зазначені комерційні пропозиції з маркетплейсу та попередити продавця «RBP-Books» про неприпустимість провадження діяльності у видавничій справі з порушенням вимог українського законодавства
3129/21/01,2025-12-17,Апарат Ради національної безпеки і оборони України,Щодо підвищення рівня кіберзахисту системи електронного документообігу «АСКОД»
3130/23/11,2025-12-17,МВС України,"Повідомляється, що передбачені рішенням Ради національної безпеки і оборони України від 25 травня 2025 р. «Про застосування персональних спеціальних економічних та інших обмежувальних заходів (санкцій)», введеним в дію Указом Президента України від 25 травня 2025 р. № 345/2025, обмежувальні заходи, що застосовуються до фізичних осіб, не стосуються повноважень
Держкомтелерадіо,"
3131/23/11,2025-12-17,МВС України,"Про надання інформації щодо  виконання пункту 3 Плану організації виконання рішення Ради національної безпеки і оборони України від 30 грудня 2023 року «Про застосування персональних спеціальних економічних та інших обмежувальних заходів (санкцій)», введеного в дію Указом Президента України від 30 грудня 2023 року № 877/2023."
3132/32/06-2,2025-12-18,"АТ ""Національна суспільна телерадіокомпанія України""; АТ ""ДАК ""Укрвидавполіграфія""; Національне видавництво дитячої літератури ""Веселка""; ДНУ ""Книжкова палата України імені Івана Федорова""; Державна наукова установа ""Енциклопедичне видавництво""; ДП ""УСТФ ""Укртелефільм""; Український інститут підвищення кваліфікації працівників телебачення, радіомовлення і преси",Прохання до 30 січня 2026 року надати інформацію щодо окремих показників фінансово-господарської діяльності.
3133/23/06,2025-12-18,Міністерство культури України,"Щодо можливості реалізації в 2025 Положення Порядку виплати одноразової грошової допомоги у разі загибелі (смерті) або поранення (контузії, травми або каліцтва) журналіста ....."
3134/24/12,2025-12-18,Державна регуляторна служба України,Щодо дотримання вимог законодавства про державну регуляторну політику.
3135/23/12,2025-12-18,"Міністерство фінансів України; Міністерство економіки, довкілля та сільського господарства України; Міністерство цифрової трансформації України","Державний комітет телебачення і радіомовлення України надсилає на розгляд та погодження проект розпорядження Кабінету Міністрів України «Про перерозподіл деяких видатків державного бюджету, передбачених Міністерству культури та стратегічних комунікацій на 2025 рік»."
3136/32/13,2025-12-18,"Київський міський
територіальний центр
комплектування та соціальної
підтримки",Щодо спеціальної перевірки Кари В.В.
3137/23/12,2025-12-18,Міністерство юстиції України,"Надсилається на правову експертизу та погодження проект розпорядження Кабінету Міністрів України «Про перерозподіл деяких видатків державного бюджету, передбачених Міністерству культури та стратегічних комунікацій на 2025 рік»."
3138/24/12,2025-12-18,Національне агентство з питань запобігання корупції,"На погодження проект розпорядження Кабінету Міністрів України «Про перерозподіл деяких видатків державного бюджету, передбачених Міністерству культури та стратегічних комунікацій на 2025 рік»."
3139/22/03-1,2025-12-18,Кабінет Міністрів України,"Надається список осіб, відповідальних за актуалізацію інформації про результати виконання євроінтеграційних зобов’язань України в інформаційній системі моніторингу виконання зобов’язань України у сфері європейської інтеграції «Пульс вступу» для надання доступу до зазначеної інформаційної системи."
3140/23/03-1,2025-12-18,Міністерство закордонних справ,"Інформуємо, що Держкомтелерадіо не був залучений до практичної реалізації Меморандуму про співпрацю між Кабінетом Міністрів
України та Світовим Конгресом Українців від 10.12.2020 р."
3141/23/11,2025-12-18,"Міністерство розвитку громад, територій та інфраструктури України","Повідомляється, що передбачені рішенням РНБО України від 25.11.2025 р. обмежувальні заходи, що застосовуються до суден, не
стосуються повноважень Держкомтелерадіо (Указ Президента № 860/2025"
3142/23/11,2025-12-18,"Міністерство економіки, довкілля та сільського господарства України","Повідомляється, що передбачені рішенням РНБО України від 29.11.2025 р. обмежувальні заходи, що застосовуються до фізичних та юридичних осіб, не стосуються повноважень Держкомтелерадіо"" (УПУ № 871/2025 від 29.11.25)"
3143/25/11,2025-12-18,Служба безпеки України,Звернення до СБУ з пропозицією обмеження доступу до веб сайту bookmoodd. 
3144/31/05-1,2025-12-18,"ДНУ ""Книжкова палата України імені Івана Федорова""; Державна наукова установа ""Енциклопедичне видавництво""",Надсилається для ознайомлення та врахування в роботі Методичні рекомендації з координації позиції щодо Російської Федерації як держави-агресора
3145/23/06-1,2025-12-18,Міністерство культури України,"З проханням надати офіційні роз’яснення щодо подальшого алгоритму дій Держкомтелерадіо в частині формування та
подання мережі розпорядників та одержувачів бюджетних коштів на 2026 рік."
3146/23/03-2,2025-12-18,Міністерство культури України,Щодо виконання заходів з реалізації Угод про співробітництво у сфері безпеки між Україною та країнами-партнерами за ІV квартал 2025 року
3147/32/06,2025-12-18,Головне управління Державної казначейської служби України у м. Києві,"Надсилається примірник наказу Міністерства культури України від 17.12.2025 № 1047 «Про затвердження змін до паспорта
бюджетної програми за КПКВК 3802130 «Державні стипендії видатним діячам інформаційної галузі, дітям журналістів, які загинули (померли) або яким встановлено інвалідність у зв’язку з виконанням професійних обов’язків та премій в інформаційній галузі» на 2025 рік."
3148/29/10,2025-12-18,"АТ ""Національна суспільна телерадіокомпанія України""","Щодо прийняття рішення про передачу в оренду (найм) рухомого майна АТ «НСТУ» Національному університету оборони України без проведення аукціону в електронній торговій системі «Prozorro.Продажі» згідно з переліком, що додається. Зауважуємо, що перелічене рухоме майно не використовується в господарській діяльності АТ «НСТУ»."
3149/23/13,2025-12-18,Міністерство культури України,Погодження відпустки  Голови з 31.12.2025 по 13.01.2026.
3150/23/12,2025-12-18,"Міністерство економіки, довкілля та сільського господарства України",Про погодження із зауваженнями проєкту розпорядження Кабінету Міністрів України «Про схвалення Стратегії збереження біологічного різноманіття України на період до 2035 року та затвердження операційного плану заходів з її реалізації у 2026-2028 роках».
3151/22/06-2,2025-12-18,Кабінет Міністрів України; Міністерство фінансів України,"Оперативна інформація про стан проведення розрахунків АТ «НСТУ» з Європейською мовною спілкою за січень – листопад 2025 року,"
3152/23/13,2025-12-18,Міністерство культури України,Погодження мат.дпомоги для вирішення соціально-побутових питань Наливайку О.І.
3153/17/03-2,2025-12-19,"Кузів М.М.; ТОВ ""ЗЕОНБУД""","Надсилається за належністю звернення гр. Кузіва М.М. зі скаргою на те, що у нього протягом місяця не працюють канали К1 та К2."
3154/23/12,2025-12-19,Міністерство культури України,Щодо погодження Стратегії збереження біологічного різноманіття України.
3155/29/07,2025-12-19,"УНІА ""Укрінформ""",Прохання до Укрінформу надати приміщення для проведення пресконференції Держкомтелерадіо спільно з Уповноваженим із захисту державної мови 22.12.2025.
3156/23/06,2025-12-19,Міністерство фінансів України,"Інформація на запит адвоката Капалкіної Є. О. щодо забезпечення виплати одноразової грошової допомоги у разі загибелі (смерті) або поранення (контузії, травми або каліцтва) журналіста під час виконання ним професійних обов''язків (Рощин В.М.)."
3157/23/06-1,2025-12-19,Міністерство культури України,Щодо погодження преміювання Голови Держкомтелерадіо за грудень 2025 року.
3158/29/10,2025-12-19,"АТ ""Національна суспільна телерадіокомпанія України""","Надається наказ Держкомтелерадіо ""Про встановлення права узуфрукта державного майна"" від 18.12.2025 №136"
3159/29/10,2025-12-19,"АТ ""Національна суспільна телерадіокомпанія України""","Щодо  погодження передачі в оренду (найм) нерухомого майна АТ «НСТУ» згідно з переліком, що додається, на
конкурентних засадах через електронні аукціони в електронній торговій системі"
3160/23/12,2025-12-19,Міністерство культури України,"На погодження проект розпорядження Кабінету Міністрів України «Про перерозподіл деяких видатків державного бюджету, передбачених Міністерству культури та стратегічних комунікацій на 2025 рік»."
3161/24/14,2025-12-19,Головне управління Державної казначейської служби України у м. Києві,Прохання залишити без розгляду фінансове бюджетне зобов’язання № 4830 від 18.12.2025.
3162/29/03-1,2025-12-22,"АТ ""Національна суспільна телерадіокомпанія України""",Погоджується УТОЧНЕНЕ ТЕХНІЧНЕ ЗАВДАННЯ на відрядження працівниці АТ «НСТУ» до м. Брюсселя (Бельгія) та м. Берліна (Німеччина) у період з 12 по 24 грудня 2025 року з метою висвітлення діяльності європейських інституцій в умовах євроінтеграційного курсу України та перебігу візиту Президента України до Німеччини.
3163/24/06,2025-12-22,Державна служба України з питань праці,"Надається щотижнева (станом на 22.12.2025) оперативна інформація стосовно погашення заборгованості із заробітної плати
підприємств, підпорядкованих Держкомтелерадіо."
3164/23/06,2025-12-22,Міністерство економічного розвитку і торгівлі України,"Надається щотижнева (станом на 22.12.2025) оперативна інформація про вжиті заходи щодо погашення заборгованості із заробітної плати по підприємствам, що входять до сфери управління Держкомтелерадіо,"
3165/23/06-1,2025-12-22,Міністерство фінансів України,Щодо погодження довідок про зміни до кошторису та плану асигнувань відповідно до довідок МФ.
3166/24/06,2025-12-22,Рахункова палата,Про забезпечення умов проведення аудиту фінансової звітності Держкомтелерадіо.
3167/24/13,2025-12-22,Національне агентство України з питань державної служби,Інформація про посади державної служби категорії «А».
3168/23/11,2025-12-22,"Міністерство розвитку громад, територій та інфраструктури України","Повідомляється, що передбачені  рішення Ради національної безпеки і оборони України від 13 грудня 2025 року ""Про застосування персональних спеціальних економічних та інших обмежувальних заходів (санкцій)""  обмежувальні заходи, що застосовуються до суден, не стосуються повноважень Держкомтелерадіо, подальше щоквартальне звітування прохання вважати недоцільним."
3169/23/12,2025-12-22,Міністерство культури України,Надсилається для внесення на розгляд Уряду проект постанови Кабінету Міністрів України «Про внесення змін до постанови Кабінету Міністрів України від 28 грудня 2016 р. № 1039 та розпорядження Кабінету Міністрів України від 16 січня 2017 р. № 18» (щодо змін до статуту НСТУ).
3170/23/06-2,2025-12-22,Міністерство культури України,Лист щодо дозволу на попередню оплату за теплову енергію.
3171/28/05-2,2025-12-23,Директору Навчально-наукового Інституту журналістики Київського національного університету імені Т.Г.Шевченка,Лист-подяка за сприяння в організації вручення диплома лауреату премії ім. В. Чорновола.
3172/28/05-2,2025-12-23,Ректору Київського національного університету імені Т.Г. Шевченка,Лист-подяка за сприяння в організації вручення диплома лауреату премії імені В.Чорновола.
3173/23/05-1,2025-12-23,Міністерство культури України,"Щодо удосконалення роботи, повязаної з формуванням та реалізаціює державної мовної політики."
3174/23/13,2025-12-23,Міністерство оборони України,"Відомість контролю щодо звіряння облікових даних військовозобов’язаних, оповіщення і прибуття військовозобов’язаних до відповідних територіальних центрів комплектування та соціальної підтримки апарату Держкомтелерадіо, підприємств, установ та товариств сфери управління Держкомтелерадіо."
3175/24/03-1,2025-12-23,Державна служба України з етнополітики та свободи совісті,"Інформацію про виконання у IV кварталі 2025 року Плану заходів щодо захисту прав осіб, які належать до національних меншин (спільнот)."
3176/17/03-2,2025-12-23,"Нехода В.А.; ТОВ ""ЗЕОНБУД""","Надсилається за належністю звернення гр. Неходи В.А. з повідомленням про зникнення приблизно з 14-15 грудня 2025 року з трансляції телевізійного мовлення Т2 деяких телевізійних каналів, а саме тв каналів Новий, ICTV та ICTV2 та ще деяких тв каналів."
3177/23/03-1,2025-12-23,Міністерство культури України,"Щодо стану виконання дорожніх карт з питань верховенства права, реформи державного управління, функціонування демократичних інституцій та плану заходів щодо захисту прав осіб, які належать до національних меншин (спільнот) України."
3178/23/05-2,2025-12-23,Міністерство культури України,Щодо прохання надати кандидатури до Комітетів з Премій КМУ імені Л. Українки та М. Рильського.
3179/24/10,2025-12-23,Фонд державного майна України,"Інформується про відсутність у сфері управління Державного комітету телебачення і радіомовлення України об’єктів малої приватизації державної власності, які можуть бути запропоновані до переліку об’єктів, що підлягають приватизації на 2026 рік."
3180/17/03-2,2025-12-23,Ярославська П.А.; ТОВ «Телерадіокомпанія «Кабельне телебачення»,"Надсилається за належністю звернення гр. Ярославської П.А. щодо нарахування неправомірної плати за послуги кабельного телебачення провайдером ""Altair""."
3181/17/03-2,2025-12-23,"Кушнарьова Л.В.; АТ ""Національна суспільна телерадіокомпанія України""","Надсилається за належністю звернення гр. Кушнарьової Л.В. з проханням припинити транслювати передачу в ефірі Українського радіо,   щочетверга з 19 години, в яких ведуть дискусії  політологи, депутати та інші політики, які обговорюють недоліки влади та президента."
3182/17/03-2,2025-12-23,"Кахлев О.З.; ТОВ ""ЗЕОНБУД""","Надсилається за належністю звернення гр. Кахлева О.З. з приводу припинення трансляції телебачення з 17.12.2025, з даного питання 19.12.2025 звертався до ТОВ ""Зеонбуд""."
3183/23/13,2025-12-23,Міністерство культури України,Щодо відкликання листа Держкомтелерадіо від 18.12.2025 № 3149/23/13.
3184/31/06-2,2025-12-24,"ДНУ ""Книжкова палата України імені Івана Федорова""",Лист щодо дозволу на попередню оплату за теплопостачання.
3185/24/10,2025-12-24,Фонд державного майна України,"Інформується про відсутність у сфері управління Державного комітету телебачення і радіомовлення України об’єктів права державної власності, які можуть бути запропоновані до переліку об’єктів, що підлягають приватизації."
3186/23/06-2,2025-12-24,Міністерство культури України,Лист щодо здійснення попередньої оплати за теплову енергію.
3187/34/11,2025-12-24,"Адміністрації
інтернет-магазину
«TopBooks»",Щодо розповсюдження книжковим інтернет-магазином TopBooks видавничої продукції держави агресора
3188/29/03-1,2025-12-24,"АТ ""Національна суспільна телерадіокомпанія України""","Погоджується ТЕХНІЧНЕ ЗАВДАННЯ на відрядження члена правління АТ «НСТУ» Родіона Кочубея до м. Франкфурта-на-Майні (Німеччина) у період з 08.01.2026 по 12.01.2026 з метою навчання за програмою безперервного професійного розвитку
Франкфуртської школи фінансів і менеджменту"
3189/23/06,2025-12-24,Міністерство культури України,"Інформується, що з 23 грудня 2025 року по 31 серпня 2025 року у Держкомтелерадіо буде здійснюватися фінансовий аудит Рахунковою палатою. Мета аудиту: перевірити, проаналізувати й оцінити правильність ведення, повноту обліку та достовірність консолідованої фінансової і зведеної бюджетної звітності Держкомтелерадіо (група) за 2025 рік,"
3190/24/06,2025-12-24,Головне управління Державної казначейської служби України у м. Києві,Надсилається розподіл відкритих асигнувань від 24 грудня 2025 р № 10.
3191/32/04,2025-12-24,"АТ ""Укрпошта""",Доручення на Укрпошту щодо отримання поштової кореспонденції у 2026 році.
3192/29/10,2025-12-25,"АТ ""Національна суспільна телерадіокомпанія України""","Довіреність представникам АТ НСТУ Барчуку А.Б., Лихошваю Г.Ю., Скибі В.В. та Заблоцькому В.В. представляти та діяти в інтересах Держкомтелерадіо в будь-яких територіальних органах з надання сервісних послуг МВС України з питань, що пов’язані з державною реєстрацією (перереєстрацією), постановкою на облік транспортного засобу."
3193/29/10,2025-12-25,"АТ ""Національна суспільна телерадіокомпанія України""","Довіреність представникам АТ НСТУ Барчуку А.Б., Лихошваю Г.Ю., Скибі В.В. та Заблоцькому В.В. представляти та діяти в інтересах Держкомтелерадіо в будь-яких територіальних органах з надання сервісних послуг МВС України з питань, що пов’язані з державною реєстрацією (перереєстрацією), постановкою на облік транспортного засобу."
3194/29/10,2025-12-25,"АТ ""Національна суспільна телерадіокомпанія України""","Довіреність представникам АТ НСТУ Барчуку А.Б., Лихошваю Г.Ю., Скибі В.В. та Заблоцькому В.В. представляти та діяти в інтересах Держкомтелерадіо в будь-яких територіальних органах з надання сервісних послуг МВС України з питань, що пов’язані з державною реєстрацією (перереєстрацією), постановкою на облік транспортного засобу."
3195/29/10,2025-12-25,"АТ ""Національна суспільна телерадіокомпанія України""","Довіреність представникам АТ НСТУ Барчуку А.Б., Лихошваю Г.Ю., Скибі В.В. та Заблоцькому В.В. представляти та діяти в інтересах Держкомтелерадіо в будь-яких територіальних органах з надання сервісних послуг МВС України з питань, що пов’язані з державною реєстрацією (перереєстрацією), постановкою на облік транспортного засобу."
3196/29/10,2025-12-25,"АТ ""Національна суспільна телерадіокомпанія України""","Довіреність представникам АТ НСТУ Барчуку А.Б., Лихошваю Г.Ю., Скибі В.В. та Заблоцькому В.В. представляти та діяти в інтересах Держкомтелерадіо в будь-яких територіальних органах з надання сервісних послуг МВС України з питань, що пов’язані з державною реєстрацією (перереєстрацією), постановкою на облік транспортного засобу."
3197/29/10,2025-12-25,"АТ ""Національна суспільна телерадіокомпанія України""","Довіреність представникам АТ НСТУ Барчуку А.Б., Лихошваю Г.Ю., Скибі В.В. та Заблоцькому В.В. представляти та діяти в інтересах Держкомтелерадіо в будь-яких територіальних органах з надання сервісних послуг МВС України з питань, що пов’язані з державною реєстрацією (перереєстрацією), постановкою на облік транспортного засобу."
3198/29/10,2025-12-25,"АТ ""Національна суспільна телерадіокомпанія України""","Довіреність представникам АТ НСТУ Барчуку А.Б., Лихошваю Г.Ю., Скибі В.В. та Заблоцькому В.В. представляти та діяти в інтересах Держкомтелерадіо в будь-яких територіальних органах з надання сервісних послуг МВС України з питань, що пов’язані з державною реєстрацією (перереєстрацією), постановкою на облік транспортного засобу."
3199/29/10,2025-12-25,"АТ ""Національна суспільна телерадіокомпанія України""","Довіреність представникам АТ НСТУ Барчуку А.Б., Лихошваю Г.Ю., Скибі В.В. та Заблоцькому В.В. представляти та діяти в інтересах Держкомтелерадіо в будь-яких територіальних органах з надання сервісних послуг МВС України з питань, що пов’язані з державною реєстрацією (перереєстрацією), постановкою на облік транспортного засобу."
3200/29/10,2025-12-25,"АТ ""Національна суспільна телерадіокомпанія України""","Довіреність представникам АТ НСТУ Барчуку А.Б., Лихошваю Г.Ю., Скибі В.В. та Заблоцькому В.В. представляти та діяти в інтересах Держкомтелерадіо в будь-яких територіальних органах з надання сервісних послуг МВС України з питань, що пов’язані з державною реєстрацією (перереєстрацією), постановкою на облік транспортного засобу."
3201/29/10,2025-12-25,"АТ ""Національна суспільна телерадіокомпанія України""","Довіреність представникам АТ НСТУ Барчуку А.Б., Лихошваю Г.Ю., Скибі В.В. та Заблоцькому В.В. представляти та діяти в інтересах Держкомтелерадіо в будь-яких територіальних органах з надання сервісних послуг МВС України з питань, що пов’язані з державною реєстрацією (перереєстрацією), постановкою на облік транспортного засобу."
3202/29/10,2025-12-25,"АТ ""Національна суспільна телерадіокомпанія України""","Довіреність представникам АТ НСТУ Барчуку А.Б., Лихошваю Г.Ю., Скибі В.В. та Заблоцькому В.В. представляти та діяти в інтересах Держкомтелерадіо в будь-яких територіальних органах з надання сервісних послуг МВС України з питань, що пов’язані з державною реєстрацією (перереєстрацією), постановкою на облік транспортного засобу."
3203/29/10,2025-12-25,"АТ ""Національна суспільна телерадіокомпанія України""","Довіреність представникам АТ НСТУ Барчуку А.Б., Лихошваю Г.Ю., Скибі В.В. та Заблоцькому В.В. представляти та діяти в інтересах Держкомтелерадіо в будь-яких територіальних органах з надання сервісних послуг МВС України з питань, що пов’язані з державною реєстрацією (перереєстрацією), постановкою на облік транспортного засобу."
3204/29/10,2025-12-25,"АТ ""Національна суспільна телерадіокомпанія України""","Довіреність представникам АТ НСТУ Барчуку А.Б., Лихошваю Г.Ю., Скибі В.В. та Заблоцькому В.В. представляти та діяти в інтересах Держкомтелерадіо в будь-яких територіальних органах з надання сервісних послуг МВС України з питань, що пов’язані з державною реєстрацією (перереєстрацією), постановкою на облік транспортного засобу."
3205/29/10,2025-12-25,"АТ ""Національна суспільна телерадіокомпанія України""","Довіреність представникам АТ НСТУ Барчуку А.Б., Лихошваю Г.Ю., Скибі В.В. та Заблоцькому В.В. представляти та діяти в інтересах Держкомтелерадіо в будь-яких територіальних органах з надання сервісних послуг МВС України з питань, що пов’язані з державною реєстрацією (перереєстрацією), постановкою на облік транспортного засобу."
3206/23/10,2025-12-25,"Міністерство економіки, довкілля та сільського господарства України","Інформація щодо виявлених факторів, які блокують роботу об'єктів державної власності, що мають стратегічне значення для економіки і безпеки держави та пропозиції щодо їх усунення за 4 квартал 2025 року."
3207/31/05-1,2025-12-25,"ДНУ ""Книжкова палата України імені Івана Федорова""; Державна наукова установа ""Енциклопедичне видавництво""",Інформування про початок громадського обговорення проєкту професійного стандарту «Фахівець з управління дослідницькими даними».
3208/23/06-2,2025-12-25,Міністерство культури України,Лист щодо здійснення попередньої оплати за постачання теплової енергії за грудень 2025 року АТ НСТУ.
3209/23/04,2025-12-25,Міністерство культури України,Щодо надання пропозицій до проєкту нормативно-правового акта на виконання Державної цільової національно-культурної програми «Єдність у розмаїтті» на період до 2034 року.
3210/23/12,2025-12-25,Міністерство культури України,Погоджується із зауваженнями проект постанови Кабінету Міністрів України «Про внесення змін до деяких актів Кабінету Міністрів України щодо питань діяльності Міністерства культури».
3211/24/14,2025-12-26,Головне управління Державної казначейської служби України у м. Києві,Надсилається акт приймання-передачі наданих послуг від 25.12.2025 № АНП94077 за грудень 2025 р.
3212/32/01,2025-12-26,"ДП ""ДІЯ""",Щодо доступу до підсистеми розсилки матеріалів до засідань КМУ.
3213/23/12,2025-12-26,Міністерство культури України,"На додаток до листа від 19.12.2025 № 3160/23/12  щодо погодження проекту розпорядження Кабінету Міністрів України «Про перерозподіл деяких видатків державного бюджету, передбачених Міністерству культури та стратегічних комунікацій на 2025 рік»."
3214/32/06-1,2025-12-26,Головне управління Державної казначейської служби України у м. Києві,"Надсилається примірник наказу Міністерства культури України від 26.12.2025 №1089 «Про затвердження змін допаспорта
бюджетної програми за КПКВК3802010 «Керівництво та управління у сфері телебачення і радіомовлення»на 2025 рік."
3215/31/06-2,2025-12-26,"ДНУ ""Книжкова палата України імені Івана Федорова""",Лист щодо  дозволу на попередню оплату.
3216/29/06-2,2025-12-26,"АТ ""Національна суспільна телерадіокомпанія України""",Лист щодо дозволу на попередню оплату.
3217/23/12,2025-12-26,Міністерство культури України,Про погодження проекту розпорядження Кабінету Міністрів України „Про утворення Організаційного комітету з підготовки та проведення у 2026 році заходів щодо вшанування учасників ліквідації наслідків аварії на Чорнобильській АЕС у зв’язку з 40-ми роковинами Чорнобильської катастрофи.
3218/23/12,2025-12-26,"Міністерство соціальної політики, сім’ї та єдності України",Про погодження проекту розпорядження Кабінету Міністрів України „Про утворення Організаційного комітету з підготовки та проведення у 2026 році заходів щодо вшанування учасників ліквідації наслідків аварії на Чорнобильській АЕС у зв’язку з 40-ми роковинами Чорнобильської катастрофи.
3219/29/06-2,2025-12-26,"АТ ""Національна суспільна телерадіокомпанія України""",Лист щодо дозволу на здійснення попередньої оплати.
3220/23/06,2025-12-26,Міністерство фінансів України,"З проханням надати роз""яснення щодо порядку складання та подання консолідованої фінансової та бюджетної звітності"
3221/34/11-2,2025-12-26,ТОВ «РОЗЕТКА. УА»,Пропонуємо видалити пропозиції з маркетплейсу та попередити продавця «KingsBook» про неприпустимість провадження діяльності у видавничій справі з порушенням вимог українського законодавства
3222/31/04,2025-12-29,"Новіков О.С.; Національне видавництво дитячої літератури ""Веселка""",Щодо результатів конкурсу на здобуття Літературно-мистецької премію імені Олени Пчілки за 2025 рік.
3223/24/06,2025-12-29,Державна служба України з питань праці,"Щотижнева (станом на 29.12.2025) оперативна інформація стосовно погашення заборгованості із заробітної плати підприємств, підпорядкованих Держкомтелерадіо."
3224/23/06,2025-12-29,Міністерство економічного розвитку і торгівлі України,"Щотижнева (станом на 29.12.2025) оперативна інформація стосовно погашення заборгованості із заробітної плати підприємств, підпорядкованих Держкомтелерадіо."
3225/22/12,2025-12-29,Кабінет Міністрів України,Щодо додаткових пропозицій до проекту розпорядження Кабінету Міністрів України «Про затвердження плану заходів на 2026 рік щодо забезпечення національної стійкості».
3226/23/03-1,2025-12-29,Міністерство культури України,Про виконання у ІV кварталі 2025 року Операційного плану заходів з реалізації у 2025-2026 роках Стратегії комунікацій з питань європейської інтеграції на період до 2026 року.
3227/23/03-2,2025-12-29,"Міністерство соціальної політики, сім’ї та єдності України","Пропозиції до проекту Плану заходів, пов’язаних із 40-ми роковинами Чорнобильської катастрофи, та просить надати пропозиції до нього в п’ятиденний строк."
3228/32/01,2025-12-30,ЦЕНТРАЛЬНИЙ ДЕРЖАВНИЙ АРХІВ ВИЩИХ ОРГАНІВ ВЛАДИ ТА УПРАВЛІННЯ УКРАЇНИ,"Про моніторинг наявності та стану збереження документів НАФ, що перебувають у зоні комплектування ЦДАВО України."
3229/23/06,2025-12-30,Міністерство фінансів України,"На додаток до листа Держкомтелерадіо від 19.12.2025 № 3156/23/06 щодо забезпечення виплати одноразової допомоги Володимиру Рощину, батькові загиблої журналістки Вікторії Рощиної,"
3230/17/03-2,2025-12-30,"Півненко В.М.; ТОВ ""Воля-Кабель""",Надсилається за належністю звернення гр.Півненко В.М.
3231/17/03-2,2025-12-30,"Куратьова В.Є.; Національна рада України з питань телебачення і радіомовлення; ТОВ ""ЗЕОНБУД""",Надсилається за належністю звернення гр. Куратьової В.Є.
3232/17/03-2,2025-12-30,Гончаренко А.І.,"Повідомляється про те, що згідно з вимогами Закону України «Про медіа» засоби масової інформації є незалежними у визначенні змісту програм."
3233/23/13,2025-12-30,Міністерство оборони України,"Відомість контролю щодо звіряння облікових даних військовозобов’язаних, оповіщення і прибуття військовозобов’язаних до відповідних територіальних центрів комплектування та соціальної підтримки апарату Держкомтелерадіо, підприємств, установ та товариств сфери управління Держкомтелерадіо."
3234/23/10,2025-12-30,"Міністерство економіки, довкілля та сільського господарства України","Інформується, що в 4 кварталі 2025 року звернень до Держкомтелерадіо щодо погодження укладання договорів про спільну діяльність, договорів комісії, доручень та управління майном від державних підприємств, установ та господарських товариств сфери управління Держкомтелерадіо не надходило."
3235/23/10,2025-12-30,Міністерство енергетики України,"Про відсутність у суб’єктів господарювання державного сектору економіки сфери управління Держкомтелерадіо енергетичного обладнання, що не використовується."
3236/29/03-2,2025-12-30,"АТ ""Національна суспільна телерадіокомпанія України""; ДНУ ""Книжкова палата України імені Івана Федорова""; Державна наукова установа ""Енциклопедичне видавництво""","Надсилається Постанова Верховної Ради України № 4748-ІХ від 18 грудня 2025 року ""Про відзначення пам’ятних дат і ювілеїв у 2026–2027 роках"" для опрацювання та використання у роботі."
3237/24/10,2025-12-30,Фонд державного майна України,"Інформація про хід проведення державної реєстрації права власності на державне нерухоме майно (будівлі, споруди або їх окремі частини та земельні ділянки) підприємствами, установами, товариствами сфери управління Держкомтелерадіо за 4 квартал 2025 р."
3238/23/03,2025-12-30,Міністерство культури України,"Повідомляється, що механізму допомоги місцевим телеканалам та радіостанціям України у вигляді субвенції на оплату послуг Концерну радіомовлення, радіозв’язку та телебачення не належать до повноважень Держкомтелерадіо, оскільки  Концерн РРТ перебуває в управлінні Адміністрації Державної служби спеціального зв’язку та захисту інформації України."
3239/29/10,2025-12-30,"АТ ""Національна суспільна телерадіокомпанія України""","Наказ Держкомтелерадіо від 30.12.2025 № 141 «Про погодження передачі в оренду (найм) нерухомого майна АТ «НСТУ».

"
3240//12,2025-12-30,"Державна служба спеціального зв""язку та захисту інформації України","Повідомляє, що інформація щодо стану приведення нормативно-правових актів у відповідність до норм Закону України від 20.11.2024 № 4070-ІХ «Про внесення змін до деяких законів України щодо функціонування Національної системи конфіденційного зв’язку та Національної електронної комунікаційної мережі» була надана Адміністрації Держспецзв’язку листом Держкомтелерадіо від 09.04.2025
№ 954/23/12."
3241/23/06,2025-12-30,Міністерство культури України,"Надсилаються  пропозиції змін до паспорта бюджетної програми за КПКВК 3802020 «Наукова і науково-технічна діяльність у сфері медіа, книговидавничої справи та інформаційно-бібліографічної діяльності» на 2025 рік затвердженого наказом МКСК від 10.02.2025 № 72 та до паспорта бюджетної програми за КПКВК 3802130 «Державні стипендії видатним діячам інформаційної галузі, дітям журналістів, які загинули (померли) або яким встановлено інвалідність у зв`язку з виконанням професійних обов`язків та премій в інформаційній
галузі» на 2025 рік затвердженого наказом МКСК від 17.12.2025 № 751047"
3242/24/01,2025-12-30,"Державна служба спеціального зв""язку та захисту інформації України","Надається інформація про здійснені заходи з реалізації відповідних завдан на виконання пункту 2 розпорядження Кабінету Міністрів України від 07.03.2025 № 204-р «Про затвердження плану заходів на 2025 рік з реалізації Стратегії кібербезпеки України» та відповідно до Плану реалізації Стратегії кібербезпеки України, затвердженого рішенням Ради національної безпеки і оборони України від 30.01.2021, введеного в дію Указом Президента України від 01.02.2022 № 37/2022, Держкомтелерадіо інформує про здійснені заходи з реалізації відповідних завдань."
3243/17/03-2,2025-12-30,Кузів М.М.; Концерн РРТ,Надсилається за належністю звернення гр.Кузіва М.М.
3244/23/05-1,2025-12-30,"Міністерство економіки, довкілля та сільського господарства України","Повідомляється, що у Держкомтелерадіо відсутні договори, укладені у рамках державно-приватного (публічно приватного) партнерства та концесій.."
3245/22/12,2025-12-31,Кабінет Міністрів України,"Про виконання Плану заходів до Закону України ""Про засади державної політики національної пам’яті Українського народу""."
3246/24/10,2025-12-31,"Державна служба України з питань геодезії, картографії та кадастру",Інформація про хід проведення інвентаризації земельних ділянок за 4 квартал 2025 року.
3247/23/14,2025-12-31,Міністерство культури та інформаційної політики,"Надається інформація за грудень 2025 року про видатки на оплату праці з нарахуваннями працівників державних органів, які не входять до сектору безпеки і оборони, за винятком осіб, які призвані на військову службу (мобілізовані) або проходять службу у складі Сил територіальної оборони Збройних Сил України."
3248/23/03-2,2025-12-31,"Міністерство економіки, довкілля та сільського господарства України",Про виконання розпорядження Кабінету Міністрів України від 04.07.2018 № 469-р “Про затвердження плану заходів з реалізації Концепції державної системи професійної орієнтації населення”.
3249/31/05-1,2025-12-31,"Державна наукова установа ""Енциклопедичне видавництво""; ДНУ ""Книжкова палата України імені Івана Федорова""","Прохання долучитися до  врегулювання питання, пов’язаного із визначенням переліку державних та інших свят, пам’ятних дат і скорботних днів в Україні, які мають загальнодержавне значення."
3250/26/05-1,2025-12-31,Національна спілка журналістів України,"Прохання долучитися до  врегулювання питання, пов’язаного із визначенням переліку державних та інших свят, пам’ятних дат і скорботних днів в Україні, які мають загальнодержавне значення."
3251/23/05-1,2025-12-31,Міністерство культури України; Міністерство культури України,"На додаток до листа від 23.12.2025 № 3173/23/05-1 щодо удосконалення роботи, пов'язаної з формуванням та реалізацією державної мовної політики."
3252/25/12,2025-12-31,Господарський суд Дніпропетровської обл.,"Державний комітет телебачення і радіомовлення України звертається з вимогою щодо витребування майна з чужого незаконного володіння, а саме, об’єкта нерухомості літ. Ф (сховище № 12237)"
3253/23/12,2025-12-31,Міністерство культури України,"Щодо доопрацювання проєктів постанов Кабінету Міністрів України «Про затвердження Порядку вилучення з обігу видавничої продукції, що має походження або виготовлена та/або випущена у світ, та/або ввезена з території держави-агресора, Республіки Білорусь, тимчасово окупованої території України, та/або внесена до Реєстру видавничої продукції антиукраїнського змісту і розповсюджується на території України, а також видавничої продукції, випущеної у світ державною мовою держави-агресора, що розповсюджується на території України без відповідного дозволу», «Про внесення змін до пункту 4 Положення про Державний комітет телебачення і радіомовлення України та постанови Кабінету Міністрів України від 10 березня 2017 р. № 135»."
3254/23/06,2025-12-31,Міністерство культури України,"Доопрацьовані пропозиції змін до паспорта бюджетної програми за КПКВК 3802020 «Наукова і науково-технічна діяльність у сфері медіа, книговидавничої справи та інформаційно-бібліографічної діяльності» на 2025."
3255/29/10,2025-12-31,"АТ ""Національна суспільна телерадіокомпанія України""","Довіреність представникам АТ НСТУ Барчуку А.Б., Лихошваю Г.Ю., Скибі В.В. та Заблоцькому В.В. представляти та діяти в інтересах Держкомтелерадіо в будь-яких територіальних органах з надання сервісних послуг МВС України з питань, що пов’язані з державною реєстрацією (перереєстрацією), постановкою на облік транспортного засобу."
3256/23/09,2025-12-31,Міністерство фінансів України,Щодо надання інформації про аудиторський комітет Держкомтелерадіо.
3257/32/06-1,2025-12-31,Головне управління Державної казначейської служби України у м. Києві,Надсилається розподіл відкритих асигнувань загального фонду державного бюджету № 115 від 31.12.2025 року .
3258/32/06-1,2025-12-31,Головне управління Державної казначейської служби України у м. Києві,"Надсилається реєстр змін №20 та відповідні довідки, та реєстр змін №21 від 31.12.2025."
3259/17/05-1,2025-12-31,Ніколаєв Ю.М.,"Відповідь на звернення Ніколаєва Ю. щодо сприяння в організації міжвідомчої робочої групи інформаційно-гуманітарної соціально-педагогічної платформи ""Цвіт Цивілізації"""
3260/23/04,2025-12-31,Міністерство культури України,"Стосовно оновлення інформації щодо підприємств книговидавничої галузі,  які постраждали внаслідок повномасштабного вторгнення."
3261/23/04,2025-12-31,Міністерство культури України,"Щодо участі Калюжної Н.О. у нараді з обговорення проблемних питань, які можуть виникнути під час запуску надання державної субсидії розповсюджувачам  видавничої продукції (книжкової продукції)."
